,learning_rate,epochs,loss
0,0.001,50,0.2240786999464035
1,0.001,100,0.1826406717300415
2,0.001,150,0.10077410936355591
3,0.01,50,0.0779418796300888
4,0.01,100,0.15006661415100098
5,0.01,150,0.1452610045671463
6,0.1,50,0.061775725334882736
7,0.1,100,0.536679208278656
8,0.1,150,0.08875628560781479
