,learning_rate,epochs,loss
0,0.001,50,0.26083818078041077
1,0.001,100,0.23916929960250854
2,0.001,150,0.220863476395607
3,0.001,200,0.20512647926807404
4,0.01,50,0.12214246392250061
5,0.01,100,0.05226784572005272
6,0.01,150,0.09056182950735092
7,0.01,200,0.24264216423034668
8,0.1,50,0.1717391461133957
9,0.1,100,0.0563933439552784
10,0.1,150,0.1503918319940567
11,0.1,200,0.08488480001688004
