index,learning_rate,epochs,loss
Diesel,0.001,50,0.017220818748076756
Petrol,0.001,50,0.024423242236177128
